<?xml version="1.0" encoding="UTF-8"?>
<config xmlns="http://www.knime.org/2008/09/XMLConfig" xmlns:xsi="http://www.w3.org/2001/XMLSchema-instance" xsi:schemaLocation="http://www.knime.org/2008/09/XMLConfig http://www.knime.org/XMLConfig_2008_09.xsd" key="filestore">
    <config key="filestore_keys">
        <config key="filestore_key_0">
            <entry key="storeUUID" type="xstring" value="a1bd285c-8fdf-47a8-9894-d2c046bc868e"/>
            <entry key="index" type="xint" value="0"/>
            <entry key="name" type="xstring" value="872dece0-624b-4015-a224-77310eb9ad5d"/>
            <entry key="iterationIndex" type="xint" value="-1"/>
        </config>
    </config>
</config>
